{"950.400024, 0, 792":[0,"SCP-049"],"950.400024, 0, 739.200012":[-90,"HCZ_X"],"792, 0, 369.600006":[180,"LCZ_X"],"211.199997, 0, 633.599976":[180,"EZ_I"],"897.599976, 0, 950.400024":[180,"SCP-079"],"950.400024, 0, 686.400024":[-90,"HCZ_I"],"686.400024, 0, 792":[0,"HCZ_I"],"897.599976, 0, 633.599976":[180,"Elevator2"],"739.200012, 0, 369.600006":[180,"LCZ_Armory"],"739.200012, 0, 475.200012":[180,"SCP-372"],"1003.20001, 0, 844.799988":[0,"NUKE_ROOM"],"528, 0, 792":[0,"Checkpoint"],"475.200012, 0, 792":[0,"EZ_I"],"316.799988, 0, 792":[0,"EZ_I"],"369.600006, 0, 792":[0,"EZ_I"],"633.599976, 0, 792":[0,"HCZ_I"],"211.199997, 0, 950.400024":[180,"EZ_I"],"897.599976, 0, 739.200012":[0,"HCZ_I"],"264, 0, 897.599976":[-90,"EZ_I"],"158.399994, 0, 792":[90,"EZ_T"],"950.400024, 0, 633.599976":[90,"HCZ_T"],"1003.20001, 0, 633.599976":[0,"Elevator"],"950.400024, 0, 844.799988":[-90,"HCZ_X"],"158.399994, 0, 844.799988":[-90,"EZ_L"],"792, 0, 422.399994":[-90,"LCZ_I"],"264, 0, 686.400024":[-90,"EZ_I"],"844.799988, 0, 739.200012":[180,"HCZ_L"],"792, 0, 316.799988":[90,"LCZ_WC"],"792, 0, 264":[180,"LCZ_X"],"158.399994, 0, 633.599976":[-180,"Gate"],"844.799988, 0, 264":[0,"Elevator"],"105.599998, 0, 739.200012":[90,"EZ_L"],"792, 0, 475.200012":[-90,"LCZ_T"],"1003.20001, 0, 950.400024":[0,"SCP-096"],"792, 0, 158.399994":[90,"CDC"],"739.200012, 0, 792":[0,"HCZ_I"],"897.599976, 0, 844.799988":[0,"HCZ_I"],"422.399994, 0, 792":[0,"EZ_I"],"264, 0, 633.599976":[0,"EZ_L"],"792, 0, 792":[0,"HCZ_I"],"950.400024, 0, 897.599976":[-90,"HCZ_I"],"264, 0, 739.200012":[-90,"EZ_I"],"264, 0, 844.799988":[-90,"EZ_I"],"264, 0, 792":[0,"EZ_X"],"105.599998, 0, 844.799988":[180,"EZ_L"],"844.799988, 0, 844.799988":[-90,"HCZ_L"],"158.399994, 0, 950.400024":[-180,"Gate"],"264, 0, 950.400024":[-90,"EZ_L"],"580.799988, 0, 792":[0,"HCZ_I"],"739.200012, 0, 264":[180,"Elevator2"],"1003.20001, 0, 739.200012":[0,"SCP-106"],"950.400024, 0, 950.400024":[-90,"HCZ_T"],"844.799988, 0, 475.200012":[0,"SCP-173"],"792, 0, 211.199997":[-90,"LCZ_I"],"105.599998, 0, 792":[-90,"EZ_T"],"844.799988, 0, 369.600006":[0,"SCP-914"],"844.799988, 0, 792":[0,"HCZ_T"],"158.399994, 0, 739.200012":[0,"EZ_L"],"211.199997, 0, 792":[180,"EZ_I"]}
